Name,Address,Phone Number
5 Boroughs Pizza,1543 N Sedgwick St ,312-988-9009
7-Eleven,954 W Monroe ,312-421-5636
7-Eleven,2900 W Montrose,773-463-6868
Acapulco Alegre ,5306 W Fullerton Ave ,773-804-1840
Agee's Pizzeria & Grill  ,1118 W Wilson Ave,773-271-1118
Aiello's Golden Crust Pizza Restrnt,4358 N Elston Ave ,773-777-6430
Amato's Pizza Lincoln Park,953 West Willow Street ,312-640-1299
Angelo's Pizza & Restaurant,3026 W Montrose Ave ,773-539-6908
Angelo's Wine Bar ,3026 W Montrose Ave ,773-539-0111
Angelos Stuffed Pizza,4850 S Pulaski Rd ,773-927-9355
Angie's ,8352 S Pulaski Rd ,773-735-8527
Antica Pizzeria ,5663 N Clark St ,773-944-1492
Antonio's Pizza,1001 Jason Pl ,217-483-3733
Apart Pizza Company,2205 W Montrose Ave ,773-588-1550
Armand's Pizzeria,4159 N Western Ave ,773-463-5200
Armand's Pizzeria,151 N Michigan Ave ,312-624-8547
Armand's Pizzeria,2121 W Division St ,773-698-7944
Armand's Pizzeria,6694 N Northwest Hwy ,773-930-4800
Armitage Pizzeria ,711 W Armitage Ave ,312-867-9111
Aroma Pizzeria,1125 W Berwyn Ave ,773-769-4900
Atino's Pizza ,4610 W Diversey Ave ,773-427-5555
Atinos Pizza ,570 W Roosevelt Rd ,312-994-0800
Atinos Pizza ,1070 N Honore St ,312-994-0800
Atinos Pizza ,570 W Roosevelt Rd ,312-994-0800
Augusta Pizza And Grill,4400 W Augusta Blvd ,773-227-5175
Aurelio's Pizza,506 W Harrison St ,312-994-2000
Aurelio's Pizza ,1212 S Michigan Ave ,312-374-4459
Aurelio's Pizza,3801 N. Clark St ,773-887-0999
Aurelio's Pizza South Loop,1212 S Michigan Ave ,312-374-4403
Avy's Pizza,9917 S Ewing Ave ,773-933-6007
Bacci Pizza ,22 E Roosevelt Rd ,312-675-0700
Bacci Pizza,4917 N Milwaukee Ave ,773-427-9999
Bacci Pizzeria,4367 N Milwaukee Ave ,773-304-3000
Bacci Pizzeria,163 W North Ave ,312-337-2224
Bacci Pizzeria,950 W Addison St ,773-305-5100
Bacci Pizzeria,2301 W Taylor St ,312-455-9000
Bacci Pizzeria,2557 N Halsted St ,773-687-8711
Bacci Pizzeria II,407 S Dearborn St ,312-880-0200
Bacino's Restaurant ,118 S Clinton St,312-876-1188
Barcello's ,3576 N Milwaukee Ave ,773-205-8700
Barneys Pizzeria,11101 S Halsted St ,773-672-5100
Barraco's Pizza ,3047 W 111TH St ,773-239-3333
Barry's Spot Pizza,5759 N Broadway St ,773-769-2900
Bartoli's Pizzeria ,1955 W Addison St ,773-248-0455
Beggars Pizza ,310 S Clinton St ,312-588-0055
Beggars Pizza ,547 W Jackson Blvd ,312-588-0055
Beggars Pizza ,3413 N Clark St ,773-281-2344
Beggars Pizza ,10314 S Halsted St ,773-429-4444
Beggars Pizza ,3524 Ridge Rd Lansing ,708-418-3500
Beggars Pizza ,8100 S Stony Island Ave ,773-221-2500
Beggars Pizza ,5133 S Cicero Ave ,773-735-7000
Bella Vita,133 N California Ave ,773-638-2332
Bella's Pizza & Restaurant ,1952 W Chicago Ave,773-252-0505
Bellas Pizzeria 4 Inc,658 N Ashland Ave ,312-666-6200
Bellonas Pizza,3447 W Montrose Ave ,773-588-8500
Big G's Pizza ,3716 N Clark St ,773-281-2444
Big Tony's Pizza,3276 W Fullerton Ave ,773-489-6262
Big Tony's Pizza II ,3732 W 59th St ,773-767-5966
Bije's Pizza,7455 W. Irving Park Road ,773-625-9700
Blaze Pizza,953 W Belmont Ave ,773-348-6233
Blaze Pizza,6550 N Sheridan R,773-961-8330
Blaze Pizza,24 S Clinton St ,312-454-6125
Blaze Pizza,10053 S Halsted St ,773-348-6233
Blaze Pizza,227 E Ontario St ,312-255-1290
Bleeding Heart Bakery & Café,1916 W Chicago,773-645-4918
Bo Jono's Pizzeria ,4185 N Clarendon Ave,773-404-4988
Boiler Room Pizza Bar,2210 N California Ave ,773-276-2784
Bojono's Pizza,4185 N Clarendon Ave ,773-404-9700
Bongiorno's Italian Deli & Pizzeria,405 N Wabash Ave ,312-755-1255
Bricks,1909 N Lincoln Ave,312-255-0851
Bronzeville Gourmet Pizzeria,4300 S Michigan Ave ,773-285-9250
Brothers And Fathers Pizzeria And Restaurant,5959 W Lawrence Ave ,773-685-1560
Brothers Grill,3650 W Belmont Ave ,773-588-5289
By Alex Pizza,5040 W Montrose Ave ,773-427-2744
California Pizza Kitchen ,939 W North Ave Ste 200 ,312-337-1281
California Pizza Kitchen,30 N La Salle St ,312-920-9662
California Pizza Kitchen,52 E Ohio St ,312-787-6075
Caponies Cafe And Pizzeria ,3350 N Harlem Ave ,773-804-9024
Caponies Cafe And Pizzeria ,7419 W Irving Park Rd ,773-804-9024
Capri Pizza ,8820 S Commercial Ave ,773-768-7242
Carlito's Way Pizza ,964 W 31st St ,773-890-0001
Carlito's Way Pizza ,2923 S Archer Ave ,773-890-0001
Carmen's Pizza ,6568 N Sheridan Rd ,773-465-1700
Catalina Pizzeria ,5337 W Belmont Ave ,708-320-2357
Celis Pizzeria,2605 S Kostner Ave ,773-542-6345
Chgo Pizza & Oven Grinder Co,2121 N Clark St ,773-248-2672
Chi Town Pizza Express,151 N Michigan Ave ,312-938-1111
Chikago Pizzaria,6149 N Milwaukee Ave ,773-631-4111
Chikis Pizza,6621 N Clark St ,773-274-9927
Chimithurri ,1454 W 18th St ,312-733-4030
Cholie's Pizza ,1601 E 53rd St ,773-684-8688
Cholie's Pizza ,3711 W 63rd St ,773-767-8600
Chuck E Cheese's  ,5030 S Kedzie Ave ,773-476-0500
Chuck E Cheese's  ,1830 W Fullerton Ave ,773-871-2484
Chuck E Cheese's  ,1730 W Fullerton Ave ,773-871-2484
Chuck's Pizza,10123 S Western Ave ,773-233-4282
Ciao Napoli Pizzeria,2607 N Milwaukee Ave ,773-697-4234
Ciao Pizzeria,1516 N Wells St ,312-266-2007
Ciccio's Pizzeria,3209 N Pacific Ave ,773-625-2700
Cipriani's Pizza,5840 W 63rd St ,773-582-3747
City Pizza,111 W Jackson Blvd ,312-427-4992
Claire's Pizza,1165 W 18th St ,312-243-5521
Coal Fire Pizza ,3707 N Southport Ave ,773-477-2625
Coalfire,1321 W Grand Ave ,312-226-2625
Cochiaro's Pizza ,3553 N Central Ave ,773-481-5388
Colletti's  ,5707 N Central Ave ,773-775-5144
Coluta's Pizza ,4946 W Diversey Ave ,773-725-0005
Coluta's Pizza On Diversey ,4946 W Diversey Ave ,773-725-0005
Congress Pizzaria, 5925 W Diversey Ave ,773-745-3800
Connie's Pizza,1030 N State St ,312-266-6437
Connie's Pizza ,2373 S Archer Ave ,312-326-3443
Connie's Pizza By The Pier ,700 E Grand Ave ,312-832-3010
Corey's NYC Bagel Deli ,515 N Dearborn Street ,312-923-9999
Coz's Pizza,6445 Old Route 54 ,217-483-5519
Craft Pizza,1252 N Damen Ave ,773-270-4884
Crust Eat Real ,2056 W Division St ,773-235-5511
Cw Napkin ,2301 N Clark St ,773-644-6201
Cw Napkin ,1011 W Irving Park Rd ,773-244-2600
D'Agostino's Pizza And Pub  ,1351 W Addison St ,773-477-1822
D'Agostino's Pizza And Pub  , 752 N Ogden Ave ,312-850-3247
D'Anardo's Pizza,6535 W 63rd St ,773-586-7373
D'Gigio's Pizza, 5337 W Belmont Ave ,773-777-5858
Damenzo's Pizza ,2322 W Taylor St ,312-421-1142
Danny's Pizza Place ,6021 S Archer Ave ,773-582-3456
Dante's Pizzaria,3028 W Armitage Ave ,773-342-0002
Dante's Pizzaria,2825 N Milwaukee Ave ,773-384-8888
De Arco's Pizza,2819 W 63rd St ,773-737-3367
De Arco's Pizza, 2832 E 87th St ,773-731-0300
Del Campo Pizzeria ,3125 W Cermak Rd ,773-522-2000
Denny's Pizza,7616 W Belmont Ave ,773-625-6850
Devon Fish And Pizza Inc,2948 W Devon Ave ,773-942-6425
Dimo's Pizza,1615 N Damen Ave ,773-687-8259
Dino's Italian Pizza & Italian Restaurant ,7004 W Higgins Ave,773-763-4077
Dollar True Inc,2626 E 75th St ,773-731-1111
Domino's Pizza,8151 S Cottage Grove Ave ,773-891-1446
Domino's Pizza,5016 S Pulaski Rd ,773-582-4040
Domino's Pizza,2331 W Madison St ,312-600-9121
Domino's Pizza,2508 W Cermak Rd ,773-475-6147
Domino's Pizza, 3103 N Clark St ,773-528-3030
Domino's Pizza,2455 W Fullerton Ave ,773-276-9800
Domino's Pizza,2231 N Lincoln Ave ,773-665-7232
Domino's Pizza,143 W Division St ,312-664-7440
Domino's Pizza,509 N Orleans St ,312-481-8333
Domino's Pizza,1234 S Canal St ,312-666-5900
Domino's Pizza,4707 N Harlem Ave Harwood Heights ,708-867-4900
Domino's Pizza,3336 N Harlem Ave ,773-622-9600
Domino's Pizza,901 W Madison St ,312-429-4988
Domino's Pizza,2401 N Clybourn Ave ,773-309-0908
Domino's Pizza,5410 W Devon Ave ,708-887-6000
Domino's Pizza,5008 N Pulaski Rd ,773-685-3030
Domino's Pizza,1415 W Irving Park Rd ,773-871-3030
Domino's Pizza,800 N Kedzie ,773-596-1888
Domino's Pizza,6607 N Clark St ,773-346-3535
Domino's Pizza,4003 Plainfield Naperville Rd Naperville ,630-360-3200
Domino's Pizza,18401 Burnham Ave Lansing ,708-895-8848
Domino's Pizza,3144 W Devon Ave ,773-743-3030
Domino's Pizza,4323 S Ashland Ave ,773-254-3030
Domino's Pizza,4039 W 26th St ,773-277-3166
Domino's Pizza,5912 N Clark St ,773-769-3030
Domino's Pizza,1453 E Hyde Park Blvd ,773-324-3800
Domino's Pizza,655 E Sibley Blvd Dolton ,708-841-9490
Domino's Pizza,5401 S Harlem Ave ,773-788-1800
Domino's Pizza,5628 W Fullerton ,773-782-1100
Domino's Pizza,4608 W Fullerton Ave ,773-772-9000
Don's Pizza & Grill,5915 W Division St ,773-473-4933
Doreen's Pizzeria,13201 S Baltimore Ave Ste 1 ,773-646-0063
Durango's Pizza,2718 N Laramie Ave ,773-745-2044
Eastern Style Pizza,2911 W Touhy Ave ,773-761-4070
Eden,1607 W Montrose Ave ,773-883-8655
Edgewater C And C,5757 N Broadway St ,773-769-2900
Edwardo's Natural Pizza,1212 N Dearborn St ,312-337-4490
Edwardo's Natural Pizza,2662 N Halsted St ,773-871-3400
El Sabor Pizzeria & Roasted Chicken,3924 W Diversey Ave ,773-486-8640
Estadio Grill And Pizza,6122 N Clark St ,773-681-0879
Festa Pizza,3525 W Fullerton Ave ,773-252-8174
First Jaffa Bakery Madison,105 W Madison St ,312-726-2220
Flo & Santos,1310 S Wabash Ave ,312-566-9817
Fogo 2 Go,926 W Diversey Pkwy ,773-880-8052
Fornello,1011 W Irving Park Rd ,773-404-2210
Forno Osso Pizzaria Napoletana,1048 W Randolph St ,312-243-6000
Fox's Beverly Restaurant & Pizza,9956 S Western Ave ,773-239-3212
Fox's Pizza Den,9956 S Western Ave ,773-239-3212
Frank's Pizzeria & Restaurant,6506 W Belmont Ave ,773-283-2564
Gabbys Pizza And Grill,3805 S Kedzie Ave ,773-376-3285
Genove Pizza,3107 W 71st St ,773-434-1055
Geos Pizza,2857 N Harlem Ave ,708-452-4367
Gianna's Pizza,9613 S Western Ave ,773-445-6255
Gigio's Pizzeria,4643 N Broadway St ,773-271-2273
Gino's East,162 E Superior St ,312-266-3337
Gino's East,2801 N Lincoln Ave ,773-327-3737
Gino's East,500 N. LaSalle St. ,312-988-4200
Gino's East South Loop,521 S Dearborn St ,312-939-1818
Gino's North Pizzeria,1111 W Granville Ave ,773-465-1616
Giordano's,730 N Rush St ,312-265-1298
Giordano's,1401 W 18th St ,312-265-0243
Giordano's,2010 W Montrose Ave ,773-275-4600
Giordano's,2855 N Milwaukee Ave ,773-862-4200
Giordano's,5927 W Irving Park Rd ,773-736-5553
Giordano's,5311 S Blackstone Ave ,773-947-0200
Giordano's,6314 S Cicero Ave ,773-585-6100
Giordano's,5159 S Pulaski Rd ,773-582-7676
Giordano's,9613 S Western Ave ,773-239-5000
Giordano's,1340 S Michigan Ave ,312-842-1100
Giordano's,1040 W Belmont Ave ,773-327-1200
Giordano's,815 W Van Buren St ,312-421-1221
Giordano's,223 W Jackson Blvd ,312-583-9400
Giordano's,130 E Randolph St ,312-616-1200
Giordano's,730 N Rush St ,312-951-0747
Giordano's,700 E Grand Ave ,312-288-8783
Giordano's,6709 N Northwest Hwy ,773-467-9400
Giordano's,730 N Rush St ,312-265-1298
Giordano's,740 N Rush St ,312-397-1137
Giordano's,6836 N Sheridan Rd ,773-262-1313
Giordano's,1340 S Michigan Ave ,312-842-1100
Giornos Pizza,3818 W 63rd St ,773-767-0700
Goal Pizza & Restaurant,3125 W Lawrence Ave ,773-588-0909
Godfather's Pizza,21 Cottonwood Dr ,217-483-2776
Godfather's Pizza,1265 W Wilson Ave ,773-878-8600
Great Lake,1477 W Balmoral Ave ,773-334-9270
Happy's Pizza,8710 S Halsted St ,773-846-5555
Happy's Pizza,1347 E 87th St ,773-731-1111
Happy's Pizza And Grill,6632 N Clark St ,773-856-0390
Hazar,55 E Superior St ,312-266-2000
Hearth And Crust,3608 W Irving Park Rd ,773-516-4800
Home Made Pizza,850 W Armitage Ave ,773-248-2900
Home Run Inn Pizza,3215 N Sheffield Ave ,773-525-9696
Home Run Inn Pizza,6221 S Archer Ave ,773-581-9696
Home Run Inn Pizza,10900 S Western Ave ,773-432-9696
Home Run Inn Pizza,4254 W 31st St ,773-247-9696
Home Team Pizza,1363 West Ohio Street ,312-291-8666
Homemade Pizza,4603 N Lincoln Ave ,773-275-7600
Homemade Pizza,1127 N State St ,312-266-3000
Homemade Pizza,415 N Aberdeen St ,312-564-5600
Homemade Pizza,1651 N Wells St ,312-951-9300
Homemade Pizza,2041 W Roscoe St ,773-975-9100
Homemade Pizza,5301 N Clark St ,773-561-8800
Homemade Pizza Co,1953 W Wabansia Ave ,773-342-9600
Homemade Pizza Co,1546 E 55th St ,773-493-2000
Homemade Pizza Co,3430 N Southport Ave ,773-529-5900
Homemade Pizza Co,3314 N Broadway St ,773-549-2100
Homemade Pizza Co,2460 N Clark St ,773-529-2500
Homemade Pizza Co,1347 S Michigan Ave ,312-922-9100
Homemade Pizza Company,209 E Ohio St ,312-595-0900
Hop Haus,7545 N Clark St ,773-262-4493
Ino's Pizzeria,5973 N Clark St Ste 1 ,773-275-8830
International Domino,1551 N Cicero Ave ,773-384-2385
Italian Fiesta Pizzeria,8053 S Halsted St ,773-684-2222
Italian Fiesta Pizzeria,1400 E 47th St Ste F2 ,773-924-5339
Italian Fiesta Pizzeria,15425 Cottage Grove Ave Dolton ,708-849-9204
Italian Fiesta Pizzeria,1919 E 71st St ,773-684-2222
Italian Fiesta Pizzeria,8058 S Halsted St ,773-684-2222
Italian Fiesta Pizzeria,4659 S. Lake Park Avenue ,773-684-2222
Italian Fiesta Pizzeria,1919 E 71st St ,708-849-9204
J B Alberto's Pizza,1324 W Morse Ave ,773-338-7117
J R's Pizza,3107 W 71st St ,773-434-6244
Jb Alberto's Pizza,1326 W Morse Ave ,773-338-0190
Jet's Pizza,5058 N Clark St ,773-784-7070
Jet's Pizza,207 W Superior St ,312-526-3817
Jet's Pizza,670 N Wells St ,312-465-2280
Jet's Pizza,2811 N Ashland Ave ,773-857-2080
Jet's Pizza,3951 N Kimball Ave ,773-993-1111
Jet's Pizza,3510 W Armitage Ave ,773-905-5387
Jimmy K's Pizza,3224 Ridge Rd Lansing ,708-474-6283
Jimmy's Pizza Cafe,5159 N Lincoln Ave ,773-293-6992
Joe's Pizza,5747 W Higgins Ave ,773-685-2301
Joey's Pizza,11320 S Halsted St ,773-264-0600
John's Pizzeria,2104 N Western Ave ,773-384-1755
Jr's Pizza,3107 W 71st St ,773-434-6244
Just A Pizza,5136 S Archer Ave ,773-585-8505
Kung Fu Pizza,1225 N Milwaukee Ave ,773-328-7499
La Concodia,3724 W Montrose Ave ,773-539-5090
La Villa Pizzeria & Restaurant,3638 N Pulaski Rd ,773-283-7980
Lake's Best Pizzeria,133 N California Ave ,773-638-2865
Lalji ,6920 S Ashland Ave ,773-776-0668
Laurie's Pizzeria & Liquors,5155 N Broadway St ,773-784-4949
Lc Pizza 95th,2024 E 95th St ,773-731-6220
Lena's Pizza,5851 W 63rd St ,773-767-8400
Leona's Pizza,6935 N Sheridan Rd ,773-764-5757
Leona's Pizza,6935 N Sheridan Rd ,773-202-1777
Leona's Pizzeria,9156 S Stony Island Ave ,773-374-9100
Leona's Pizzeria,11060 S Western Ave ,773-881-7700
Leona's Pizzeria,7545 N Clark St ,773-262-3645
Leona's Pizzeria,3215 N Sheffield Ave ,773-327-8861
Leona's Pizzeria,1236 E 53rd St ,773-363-2600
Leona's Pizzeria,3877 N Elston Ave ,773-267-7287
Li'l Guys,2010 N Damen Ave ,773-394-6900
Lina's Pizza,3132 S Morgan St Ste 5 ,773-247-7778
Lincoln Park Pizza,2245 N Lincoln Ave ,773-244-9484
Little Caesars,5050 S Kedzie Ave ,773-476-7833
Little Caesars,10259 S Western Ave ,773-445-6600
Little Caesars,7050 S Pulaski Rd ,773-767-7180
Little Caesars,4810 W Diversey Ave ,773-725-2400
Little Caesars,2501 W Lawrence Ave ,773-989-4700
Little Caesars,5601 S Harlem Ave,773-229-8078
Little Caesars,2833 N Narragansett Ave ,773-385-6424
Little Caesars,2024 E 95th St ,773-731-6220
Little Caesars,7963 S Cicero Ave ,773-735-1583
Little Caesars,2820 N Cicero Ave ,773-725-2400
Little Caesars,4445 N Pulaski Rd ,773-539-8505
Little Caesars,2028 E 95th St ,773-731-6220
Little Caesars,5608 W Irving Park Rd ,773-777-1917
Little Caesars,2906 W 63rd St ,773-434-4625
Little Caesars,6928 S Pulaski Rd ,773-767-6645
Little Caesars,7963 S Cicero Ave,773-735-1583
Little Caesars,3443 W Addison St ,773-478-9081
Little Caesars,2601 W Cermak Rd ,773-254-7001
Little Caesars,3225 W 47th Pl ,773-254-6868
Little Caesars,7902 S Exchange Ave ,773-731-2618
Little Caesars,1360 N Ashland Ave ,773-292-9718
Little Caesars,3337 W North Avenue,773-772-7547
Little Caesars,2839 N Narragansett Ave ,773-385-6424
Little Caesars,3010 S Halsted St ,312-842-1230
Little Caesars,1406 W 47th St ,773-376-8796
Little Caesars,4832 N Harlem Ave Harwood Heights ,708-867-3600
Little Caesars,3337 W North Ave ,773-772-7547
Little Caesars,5640 W Roosevelt Rd ,773-287-9751
Little Caesars,3225 W 47 Place ,773-254-6868
Little Caesars,7001 N Clark St ,773-465-8267
Little Caesars,3135 W Addison St ,773-267-6366
Little Clown Pizza,2801 N Central Park Ave ,773-276-7776
Little Italy's Pizza,205 N Main St ,217-483-7090
Lonnie's Pizzaria,8343 W Irving Park Rd ,773-589-1501
Loop Pizza,400 S Financial Pl ,312-583-0277
Lou Malnati's Gold Coast,1120 N State St ,312-725-7777
Lou Malnati's North River,439 N Wells St ,312-527-1008
Lou Malnati's Pizzeria,958 W Wrightwood Ave ,773-832-4030
Lou Malnati's Pizzeria,3859 W Ogden Ave ,773-762-0800
Lou Malnati's Pizzeria,439 N Wells St ,312-828-9800
Lou Malnati's Pizzeria,10339 S Western Ave ,312-828-9800
Lou Malnati's Pizzeria,4340 N Lincoln Ave ,773-654-4000
Lou Malnati's Pizzeria,1520 N Damen Ave ,773-395-2400
Lou Malnati's Pizzeria,805 S State St ,312-786-1000
Lou Malnati's Pizzeria,1235 W Randolph St ,312-243-4000
Lucky Vito's Pizzeria,1950 N Kimball Ave ,773-278-0202
Lugano's Pizza,7315 S Kedzie Ave ,773-776-6959
Lugano's Pizza,4460 S Kedzie Ave ,773-847-7170
Luigi Stefani Pizzeria,5700 S Cicero Ave,773-838-8824
Luigi's Pizza By The Slice,4212 W Madison St ,773-722-0109
Lukes On Harlem,3130 N Harlem Ave ,773-889-4000
Lula's Grill & Pizza,1858 W Pershing Rd ,773-523-0553
Maggiolini's Pizzeria Trattoria,5723 W 63rd St ,773-585-6144
Malnati Organization,1120 N State St ,312-255-0653
Mama Luna Pizza,7601 W Addison St ,773-887-4137
Mancini Pizzeria,13508 S Brandon Ave ,773-646-2783
Mancino's Pizza & Grinders,3300 Ridge Rd Lansing ,708-474-6337
Mangia Fresca Catering & Events,2556 S Archer Ave ,312-225-7100
Mangia Roma,1623 N Halsted ,312-475-9801
Marcellos Father and Son Restaurant,645 W North Ave,312-654-2550
Marco's Beef,6008 W Fullerton Ave ,773-745-1015
Margarita's Pizza,2705 E 79th St ,773-374-7969
Margarita's Pizzeria II,346 E 75th St ,773-783-1610
Mari's Pizza,3650 W Belmont Ave ,773-961-7310
Marie's Liquor And Pizza,4127 W Lawrence Ave ,773-725-1812
Marie's Liquors & Pizza,4129 W Lawrence Ave ,773-725-1853
Mary Cappos,3841 W 47th St ,773-650-9758
Maxwell Street Pizza,11656 S Halsted St ,773-941-5857
Maya's Pizza,8550 S Commercial Ave ,773-221-9313
Michael's Pizzeria And Tavern,4091 N Broadway St ,773-929-4149
Milano Pizza,10945 S Western Ave ,773-445-4010
Milano Pizza,8130 S Kedzie Ave ,773-776-4000
Millers Pizza Company,17 W 35th St Ste C ,773-855-2029
Milwood,1360 N Milwaukee Ave ,773-772-6000
Mista Pizza,2921 N Broadway St ,773-698-6688
Mista Pizza,1024 N Milwaukee Ave ,773-278-0925
Mista Pizza,134 N La Salle St ,312-368-3000
Mista Pizza,2931 N Broadway St ,773-868-1188
Mom's Pizza,4138 W Armitage Ave ,773-276-0488
Monnie D'S Pizza,13320 S Baltimore Ave ,773-359-2880
Morrison's Authentic Southern Cooking,8139 S Ashland Ave ,773-487-7390
Mr V's Pizza,5285 N Elston Ave ,773-736-9434
Mudders,4004 W Addison St ,773-205-0000
Mugs Pizza And Ribs,7228 N Harlem Ave ,773-594-1202
Naked Pizza,953 W Diversey Pkwy ,773-857-6000
Nancy's Pizza,2930 N Broadway St ,773-883-1616
Nancy's Pizza,3970 N Elston Ave ,773-267-8182
Naples Pizza,4300 S Western Ave ,773-843-9844
Naples Pizza,4601 S Ashland Ave ,773-376-7640
Nary's Grill & Pizza,4230 S Archer Ave ,773-523-6400
Naty's Pizza,5505 S Kenneth Ave ,773-767-9490
Naty's Pizza,3849 W 26th St ,773-277-8644
Naty's Pizza,5129 S Kedzie Ave ,773-434-1555
Naty's Pizza,1757 W Chicago,312-666-7229
Neighborhood Sbarro,5554 W. Fullerton ,872-760-1000
Nella Pizzeria Napoletana,2423 N Clark St ,773-327-9202
Neta's Pizza And Ribs,1055 W 63rd St ,773-776-6363
Nicola's Pizzeria,400 S Financial Pl ,312-583-1234
Northpark Village Pizza,3352 W Foster Ave ,773-267-4455
Obbie's Pizza,6654 W Archer Ave ,773-586-2828
Old Towne Pizza Pub,1339 N Wells St Ste 1 ,312-266-6789
Onesti Pizza,2755 W 71st St ,773-471-0220
Paisans,704 W 47th St ,773-538-2200
Paladino's Pizzeria,1647 W Cortland St ,773-252-3500
Palermo's Of 63rd Pizza And Restaurant,3751 W 63rd St ,773-585-5002
Palermo's Pizza And Restaurant,3751 W 63rd St ,773-585-5002
Pan PA Pizza Ya,3125 W Montrose Ave ,773-463-2617
Papa Freddy's Pizza,2001 W 35th St ,773-890-9060
Papa John's Pizza,3927 North Lincoln Avenue ,773-525-7272
Papa John's Pizza,907 N. Damen Avenue ,773-235-7272
Papa John's Pizza,1755 W 87th St ,773-233-1111
Papa John's Pizza,3505 N Cicero Ave ,773-685-3000
Papa John's Pizza,4507 W Lawrence Ave ,773-283-7272
Papa John's Pizza,5857 S Archer Ave ,773-581-7272
Papa John's Pizza,80 East Cermak Road ,312-225-1200
Papa John's Pizza,2640 N. Clark ,773-281-7272
Papa John's Pizza,2020 N. California Ave. ,773-645-7272
Papa John's Pizza,2101 East 71st Street ,773-288-7272
Papa John's Pizza,1151 W. Taylor St ,312-733-7272
Papa John's Pizza,1418 East 53rd Street ,773-752-7272
Papa John's Pizza,1245 W. Devon Ave ,773-274-9700
Papa John's Pizza,5359 N. Broadway ,773-561-7272
Papa John's Pizza,230 West Division St ,312-266-2447
Papa John's Pizza,4606 West Diversey Avenue ,773-545-7272
Papa John's Pizza,2620 N. Narragansett Avenue ,773-622-7272
Papa K's Pizza,4056 S Western Ave ,773-823-1762
Papa Romeo's Pizza,1617 W Irving Park Rd ,773-327-5000
Papa Romeo's Pizza,3045 N Pulaski Rd ,773-205-7070
Papa Santiago Pizzeria,3051 W 26th St ,773-823-1732
Papa Turhanos Pizza,5648 W Diversey Ave ,773-237-0700
Pappa Romeo's Pizza,6730 N Clark St ,773-274-9898
Pappanino's Pizza II,925 N Ashland Ave ,773-360-8164
Parlor Pizza Bar,840 W Washington Blvd ,312-226-5101
Parlor Pizza Bar,108 N. Green Street ,312-600-6090
Pat's Pizza,2679 N Lincoln Ave ,773-248-0168
Pat's Pizzeria,628 S Clark St ,312-427-2320
Paterno's Pizza,5303 N Milwaukee Ave ,773-631-5522
Pauly's Pizzaria Wicker Park,1746 W Grand Ave ,312-243-4444
Paulys Pizzeria,719 S. State ,312-957-1111
Pequod's Pizza,2207 N Clybourn Ave ,773-327-1512
Persona Wood Fire Pizzeria,170 W Washington St ,312-255-7575
Pete's Pizza,5847 W Montrose Ave ,773-282-5434
Pete's Pizza & Restaurant,3737 N Western Ave ,773-463-7770
Phil's Pizza D'Oro,5800 N Milwaukee Ave ,773-763-2285
Pi Hi Pizza Cafe,3539 N Western Ave ,773-472-7444
Pie Eyed Pizzeria,1111 W Chicago,312-243-3735
Pie Hole Pizza Joint,5001 N Clark St ,773-754-7214
Piezano's Pizza & Grinder Co,3059 S Pulaski Rd ,773-521-0808
Piezano's Pizza & Grinder Co,2601 W 47th St ,773-376-0808
Pilsen Pizza Inc,1401 W 18th St ,312-265-0243
Pisa Pizza,2050 W Cermak Rd ,773-847-7676
Pizano's Pizza & Pasta,2429 N Lincoln Ave ,773-472-1777
Pizano's Pizza & Pasta,61 E Madison St ,312-236-1777
Pizano's Pizza & Pasta,864 N State St ,312-751-1766
Pizano's Pizza & Pasta,800 N Dearborn St ,312-335-8833
Pizano's Pizza & Pasta,2056 W Division St ,773-252-1777
Pizza,5777 N Ridge Ave ,773-275-2720
Pizza Bella's,1801 95th St ,773-238-8300
Pizza By Alex,5044 W Montrose Ave ,773-427-8900
Pizza Capri,962 W Belmont Ave ,773-296-6000
Pizza Capri,1733 N Halsted St ,312-280-5700
Pizza Capri Of Hyde Park,1501 E 53rd St ,773-324-7778
Pizza Castle,3256 W 55th St ,773-776-1075
Pizza Fresca,5747 W Belmont Ave ,773-745-8805
Pizza Giorno,3956 W 63rd St ,773-767-0700
Pizza Hut,2309 W Lawrence Ave ,773-878-3400
Pizza Hut,5905 S Archer Ave ,773-284-2221
Pizza Hut,5033 N Lincoln Ave,773-878-3400
Pizza Hut,5320 N Broadway St ,773-878-1816
Pizza Hut,1225 W Fullerton Ave ,773-868-1554
Pizza Hut,5900 S Western Ave ,773-476-2612
Pizza Hut,5109 S Pulaski Rd ,773-767-2969
Pizza Hut,3216 N Kimball Ave ,773-478-1918
Pizza Hut,3045 N Pulaski Rd ,773-283-9555
Pizza Hut,6700 S Stony Island Ave ,773-947-6770
Pizza Hut,5240 N Pulaski Rd Ste ,773-588-8844
Pizza Hut,2337 W Cermak Rd ,773-376-8858
Pizza Hut,4019 E 106th St ,773-374-7233
Pizza Hut,3009 N Clark St ,773-549-8993
Pizza Hut,5320 N. Broadway ,773-878-1816
Pizza Hut,5240 N Pulaski Rd ,773-588-9991
Pizza Hut,4925 W North Ave ,773-227-0529
Pizza Hut,4019 East 106th Street ,773-374-7233
Pizza Hut,3451 W Devon Ave ,773-463-2416
Pizza Hut,3009 N. Clark St. ,773-549-8993
Pizza Hut,2042 W 47th St ,773-254-4842
Pizza Hut,1601 N Western Ave ,773-342-6507
Pizza Hut,11708 S. Marshfield Ave ,773-660-8870
Pizza Hut,8849 S Stony Island Ave ,773-721-3059
Pizza Hut,6700 S. Stony Island Ave. ,773-947-7359
Pizza Hut,5401 S Wentworth Ave ,773-285-5056
Pizza Hut,47 W 79th St ,773-224-6134
Pizza Hut,3045 North Pulaski Rd ,773-283-7957
Pizza Hut,4350 South Pulaski Rd ,773-767-2969
Pizza Hut,5033 North Lincoln Ave ,773-506-0390
Pizza Hut,2516 W. North Avenue ,773-342-6919
Pizza Hut / Wingstreet,6724 S Stony Island Ave ,773-947-6770
Pizza Hut / Wingstreet,47 W 79th St ,773-224-4440
Pizza Hut / Wingstreet,2042 W 47th St ,773-376-4700
Pizza Hut / Wingstreet,5905 S Archer Ave ,773-284-2221
Pizza Hut / Wingstreet,5109 S Pulaski Rd ,773-767-4707
Pizza Hut / Wingstreet,4925 W North Ave ,773-489-3969
Pizza Hut / Wingstreet,8849 S Stony Island Ave ,773-721-3933
Pizza Hut Express,225 S Canal St ,312-441-9445
Pizza King,1811 W North Ave ,773-698-8593
Pizza Mania,5777 N Ridge Ave ,773-275-2720
Pizza Metro,1707 W Division St ,773-278-1753
Pizza Metro II,925 N Ashland Ave ,773-772-3267
Pizza Nova,558 W 43rd St ,773-548-5100
Pizza Nova,1842 W 18th St ,312-666-3500
Pizza Nova,3704 W 26th St ,773-762-0100
Pizza Nova,5849 S Pulaski Rd ,773-585-7000
Pizza Nova Express,3836 W 79th St ,773-767-3000
Pizza Paninos Inc,3702 N Broadway St ,773-472-6200
Pizza Persona,614 W Diversey Pkwy ,773-327-8500
Pizza Ria Financial ,510 N Hartland Ct ,312-432-9990
Pizza Ria Lincoln Park,1599 N Clybourn Ave ,312-397-7777
Pizza Ribs & Things,408 E 103rd St ,773-568-5555
Pizza Rustica,3913 N Sheridan Rd ,773-404-8955
Pizza Rustica,3908 N Sheridan Rd ,773-404-8955
Pizza Sofia's,8800 S Commercial Ave ,773-437-5454
Pizza Studio,251 E Huron St ,312-964-5170
Pizza Studio,2723 N Elston Ave ,872-829-2790
Pizza Tango,2859 W Cermak Rd ,773-650-0555
Pizza Time,1903 W 87th St ,773-445-9814
Pizza Tonite,5004 N Sheridan Rd ,773-334-5951
Pizzaco's Italian Eatery,3605 N Ashland Ave ,773-880-0808
Pizzaria Bravo,3256 W Lawrence Ave ,773-866-2546
Pizzas By Marchelloni,10 W Kinzie St ,773-731-9553
Pizzeria Brandi,67 E Cermak Rd ,312-794-5900
Pizzeria Brandi,3170 S Ashland Ave ,773-847-5888
Pizzeria Calzone,5858 N Lincoln Ave ,773-907-0917
Pizzeria Depot,1742 W 99th St ,773-840-3087
Pizzeria Due,619 N Wabash Ave ,312-943-2400
Pizzeria Milan,1314 W 18th St ,312-492-6829
Pizzeria Ora,545 N La Salle Dr ,312-464-1872
Pizzeria Serio Company,1708 W Belmont Ave ,773-525-3610
Pizzeria Uno,29 E Ohio St ,312-321-1000
Plazzio's Pizza,1889 N Winnebago Ave ,773-227-8500
Pop N Pizza,3701 W 59th St ,773-284-8500
Porretta's Pizzeria,3656 N Central Ave ,773-736-1429
Porretta's Ristorante Pizzeria,3656 N Central Ave ,773-316-1908
Premium Pizza Restaurant,3737 W Grand Ave ,773-227-2020
Primo Pizza,5600 N Clark St ,773-271-2233
Primos,250 E 103rd St ,773-264-9100
Pronto Za,1234 N Halsted St ,312-302-9988
Pucci's Pizzeria,13258 S Avenue O ,773-646-3191
Pucci's Restaurant & Pizzeria,10063 S Ewing Ave ,773-646-3191
Pucci's Restaurant & Pizzeria,5699 N Milwaukee Ave ,219-659-5858
Pudgy's Pizza & Sandwiches,13460 S Baltimore Ave ,773-646-4199
Punky's Pizza & Pasta,2600 S Wallace St ,312-842-2100
Ranalli's,1925 N. Lincoln Ave ,312-642-4700
Reggio's Pizza,340 W 83rd St ,773-488-1411
Reggio's Pizza,120 W 87th St ,773-651-7777
Reggio's Pizza,5600 Mannheim Rd ,773-686-0117
Renaldi's Pizza,2827 N Broadway St ,773-248-2445
Riccardo's Pizza,6349 N Clark St ,773-743-9900
Rico's Pizza,3651 Ridge Rd Lansing ,708-895-2630
Robey Pizza Company,1958 W Roscoe St ,773-248-7800
Ronny's,1447 W 18th St ,312-226-5809
Roots Handmade Pizza,1924 W Chicago,773-661-1058
Rosati's Pizza,5544 N Milwaukee Ave ,773-792-2585
Rosati's Pizza,4863 N Broadway St ,773-334-3333
Roseland Pizza & Tacos,241 E 115th St ,773-264-2000
Route 66 Pizza,10180 S Indianapolis Ave ,773-734-2032
Sarpino's Pizzeria Albany Park,4830 N. Pulaski Road ,773-205-1111
Sarpino's Pizzeria Bucktown,1852 N. Damen Avenue ,773-276-7777
Sarpino's Pizzeria Gold Coast,158 W. Division Street ,312-202-1111
Sarpino's Pizzeria Harwood Heights,5110 N. Harlem Avenue,708-867-9900
Sarpino's Pizzeria South Loop,1923 S. Archer Avenue ,312-225-0505
Sarpino's Pizzeria West Loop,627 W. Lake Street ,312-207-1777
Sarpino's Pizzeria Wrigleyville,1435 W. Montrose Street ,773-281-1800
Sbarro,7601 S Cicero Ave Ste 1286 ,773-767-6860
Sbarro,105 W Madison St ,312-849-9700
Sbarro,100 W Randolph St ,312-263-8615
Sbarro,333 S State St ,312-663-1070
Sbarro,500 W Madison,312-930-5050
Sbarro,520 North Michigan Avenue ,872-242-7070
Sergio's Taqueria Pizza,3253 W Bryn Mawr Ave ,773-866-1965
Sicily Pizza Inc,6421 S King Dr ,773-241-7774
Siena Tavern,51 W Kinzie St ,312-595-1322
Sizziers Pizza & Grill,1632 W Howard St ,773-465-8600
Skyway Pizza And Grill,9915 S Torrence Ave ,773-374-5001
Slide Pizzeria And Grill,2806 W Lake St ,773-801-0621
Sono Wood Fired,1582 N Clybourn Ave ,312-255-1122
Sophia's Pizza,1132 W Taylor St ,312-432-0045
South Loop Pizza,1340 S Michigan Ave ,312-842-1100
South Loop Rosati's Pizza,1339 S Halsted St ,312-455-1211
South Shore Pizza Parlor,1041 W 35th St ,773-933-9583
Spacca Napoli,1769 W Sunnyside Ave ,773-878-2420
Stephano's Pizzeria,3155 191st Pl Lansing ,708-895-6611
Steve's Pizza,7242 W Touhy Ave ,773-774-2676
Tabet Caesar ,209 S La Salle St ,312-762-9480
Tapia's Pizzeria ,2349 W Howard St ,773-338-6464
Tatas ,3019 W 111th St,773-881-1313
Telaviv Pizza,6349 N California Ave ,773-764-3776
The Art Of Pizza on State ,727 South State Street,
The Art Of Pizza,3033 N Ashland Ave ,773-327-5600
The Local Pizzeria,3352 W Foster Ave ,773-649-3114
The Original Mama Mia's Pizza,4638 N Cumberland Ave ,773-625-8500
The Pizza Connection,1265 W Wilson Ave ,773-878-9656
The Warehouse Bar & Pizzeria,1419 W Fullerton Ave ,773-661-6454
The Windsor Tavern and Grill,4530 North Milwaukee Avenue ,773-736-3400
Three Twelve Pizza Ventures,1824 W Division St ,872-315-3005
Tina's Pizza,5440 S Narragansett Ave ,773-586-8767
Tinley Park Pizza,3335 W Chicago,773-940-1839
Tom & Jerry's,6359 West Montrose Avenue ,773-282-1111
Tomato Head Pizza Kitchen,823 W Eastman St ,312-642-6700
Tomato Head Pizza Kitchen,945 W Randolph St ,312-226-1616
Topper's Pizza,1658 N Milwaukee Ave ,773-486-4000
Topper's Pizza,120 W Adams St ,312-226-6664
Topper's Pizza,1104 E 47th St ,773-327-7000
Topper's Pizza,727 S State St ,312-291-0400
Topper's Pizza,120 S Halsted St ,312-226-6664
Topper's Pizza,3404 N Sheffield Ave ,773-327-7000
Topper's Pizza,4036 N Narragansett Ave ,773-685-4114
Tore's Beef & Pizza,2804 N Western Ave ,773-486-2600
Tortorice's Pizza,2101 W Irving Park Rd ,773-583-4200
Tortorice's Pizza,953 W Diversey Pkwy ,773-525-4200
Trattoria Pizzeria Roma,1535 N Wells St ,312-664-7907
Trinos Pizzaria,1013 W 18th St ,312-733-2499
Trinos Pizzaria,4612 S Ashland Ave ,773-247-2200
Trio's Pizza,7009 W Higgins Ave ,773-775-3974
Two Italians Deli & Pizzeria,349 W Oak St ,312-274-1100
Pizzeria Uno ,29 E Ohio St,312-943-4044
Uprising Pizza Cafe,948 W Armitage Ave ,773-661-1020
Vd Pizza Co DBA Slice Factory,2364 N Lincoln Ave ,773-687-9601
Venicci Pizza,3343 N Halsted St ,872-829-2022
Venice Pizza,2441 N Halsted St ,773-880-0925
Victor's Pizza,5418 W North Ave ,773-889-0590
Villa Bari Pizza,4048 N Narragansett Ave ,773-205-2229
Villa Palermo,2154 W. Devon Avenue ,773-465-5400
Villa Palermo Pizza And Catering,6409 N Leavitt St ,773-465-4800
Villa Pasta,5345 W Devon Ave ,773-774-7107